cellNumber,cellName
1,LTE01ERBS00001-1
2,LTE01ERBS00001-2
3,LTE01ERBS00001-3
4,LTE01ERBS00001-4
5,LTE01ERBS00001-5
6,LTE01ERBS00001-6
7,LTE01ERBS00001-7
8,LTE01ERBS00001-8
9,LTE01ERBS00001-9
10,LTE01ERBS00001-10
11,LTE01ERBS00001-11
12,LTE01ERBS00001-12
13,LTE01ERBS00002-1
14,LTE01ERBS00002-2
15,LTE01ERBS00002-3
16,LTE01ERBS00003-1
17,LTE01ERBS00004-1
18,LTE01ERBS00004-2
19,LTE01ERBS00004-3
20,LTE01ERBS00005-1
21,LTE01ERBS00005-2
22,LTE01ERBS00005-3
23,LTE01ERBS00005-4
24,LTE01ERBS00005-5
25,LTE01ERBS00005-6
26,LTE01ERBS00006-1
27,LTE01ERBS00006-2
28,LTE01ERBS00006-3
29,LTE01ERBS00007-1
30,LTE01ERBS00007-2
31,LTE01ERBS00007-3
32,LTE01ERBS00008-1
33,LTE01ERBS00008-2
34,LTE01ERBS00008-3
35,LTE01ERBS00008-4
36,LTE01ERBS00008-5
37,LTE01ERBS00008-6
38,LTE01ERBS00009-1
39,LTE01ERBS00009-2
40,LTE01ERBS00009-3
41,LTE01ERBS00009-4
42,LTE01ERBS00009-5
43,LTE01ERBS00009-6
44,LTE01ERBS00009-7
45,LTE01ERBS00009-8
46,LTE01ERBS00009-9
47,LTE01ERBS00009-10
48,LTE01ERBS00009-11
49,LTE01ERBS00009-12
50,LTE01ERBS00010-1
51,LTE01ERBS00010-2
52,LTE01ERBS00010-3
53,LTE01ERBS00011-1
54,LTE01ERBS00011-2
55,LTE01ERBS00011-3
56,LTE01ERBS00012-1
57,LTE01ERBS00012-2
58,LTE01ERBS00012-3
59,LTE01ERBS00012-4
60,LTE01ERBS00012-5
61,LTE01ERBS00012-6
62,LTE01ERBS00013-1
63,LTE01ERBS00013-2
64,LTE01ERBS00013-3
65,LTE01ERBS00014-1
66,LTE01ERBS00014-2
67,LTE01ERBS00014-3
68,LTE01ERBS00015-1
69,LTE01ERBS00015-2
70,LTE01ERBS00015-3
71,LTE01ERBS00015-4
72,LTE01ERBS00015-5
73,LTE01ERBS00015-6
74,LTE01ERBS00016-1
75,LTE01ERBS00016-2
76,LTE01ERBS00016-3
77,LTE01ERBS00016-4
78,LTE01ERBS00016-5
79,LTE01ERBS00016-6
80,LTE01ERBS00016-7
81,LTE01ERBS00016-8
82,LTE01ERBS00016-9
83,LTE01ERBS00016-10
84,LTE01ERBS00016-11
85,LTE01ERBS00016-12
86,LTE01ERBS00017-1
87,LTE01ERBS00017-2
88,LTE01ERBS00017-3
89,LTE01ERBS00018-1
90,LTE01ERBS00018-2
91,LTE01ERBS00018-3
92,LTE01ERBS00019-1
93,LTE01ERBS00019-2
94,LTE01ERBS00019-3
95,LTE01ERBS00019-4
96,LTE01ERBS00019-5
97,LTE01ERBS00019-6
98,LTE01ERBS00020-1
99,LTE01ERBS00020-2
100,LTE01ERBS00020-3
101,LTE01ERBS00021-1
102,LTE01ERBS00021-2
103,LTE01ERBS00021-3
104,LTE01ERBS00022-1
105,LTE01ERBS00022-2
106,LTE01ERBS00022-3
107,LTE01ERBS00022-4
108,LTE01ERBS00022-5
109,LTE01ERBS00022-6
110,LTE01ERBS00023-1
111,LTE01ERBS00023-2
112,LTE01ERBS00023-3
113,LTE01ERBS00023-4
114,LTE01ERBS00023-5
115,LTE01ERBS00023-6
116,LTE01ERBS00023-7
117,LTE01ERBS00023-8
118,LTE01ERBS00023-9
119,LTE01ERBS00023-10
120,LTE01ERBS00023-11
121,LTE01ERBS00023-12
122,LTE01ERBS00024-1
123,LTE01ERBS00024-2
124,LTE01ERBS00024-3
125,LTE01ERBS00025-1
126,LTE01ERBS00025-2
127,LTE01ERBS00025-3
128,LTE01ERBS00026-1
129,LTE01ERBS00026-2
130,LTE01ERBS00026-3
131,LTE01ERBS00026-4
132,LTE01ERBS00026-5
133,LTE01ERBS00026-6
134,LTE01ERBS00027-1
135,LTE01ERBS00027-2
136,LTE01ERBS00027-3
137,LTE01ERBS00028-1
138,LTE01ERBS00028-2
139,LTE01ERBS00028-3
140,LTE01ERBS00029-1
141,LTE01ERBS00029-2
142,LTE01ERBS00029-3
143,LTE01ERBS00029-4
144,LTE01ERBS00029-5
145,LTE01ERBS00029-6
146,LTE01ERBS00030-1
147,LTE01ERBS00030-2
148,LTE01ERBS00030-3
149,LTE01ERBS00030-4
150,LTE01ERBS00030-5
151,LTE01ERBS00030-6
152,LTE01ERBS00030-7
153,LTE01ERBS00030-8
154,LTE01ERBS00030-9
155,LTE01ERBS00030-10
156,LTE01ERBS00030-11
157,LTE01ERBS00030-12
158,LTE01ERBS00031-1
159,LTE01ERBS00031-2
160,LTE01ERBS00031-3
161,LTE01ERBS00032-1
162,LTE01ERBS00032-2
163,LTE01ERBS00032-3
164,LTE01ERBS00033-1
165,LTE01ERBS00033-2
166,LTE01ERBS00033-3
167,LTE01ERBS00033-4
168,LTE01ERBS00033-5
169,LTE01ERBS00033-6
170,LTE01ERBS00034-1
171,LTE01ERBS00034-2
172,LTE01ERBS00034-3
173,LTE01ERBS00035-1
174,LTE01ERBS00035-2
175,LTE01ERBS00035-3
176,LTE01ERBS00036-1
177,LTE01ERBS00036-2
178,LTE01ERBS00036-3
179,LTE01ERBS00036-4
180,LTE01ERBS00036-5
181,LTE01ERBS00036-6
182,LTE01ERBS00037-1
183,LTE01ERBS00037-2
184,LTE01ERBS00037-3
185,LTE01ERBS00037-4
186,LTE01ERBS00037-5
187,LTE01ERBS00037-6
188,LTE01ERBS00038-1
189,LTE01ERBS00038-2
190,LTE01ERBS00038-3
191,LTE01ERBS00038-4
192,LTE01ERBS00038-5
193,LTE01ERBS00038-6
194,LTE01ERBS00038-7
195,LTE01ERBS00038-8
196,LTE01ERBS00038-9
197,LTE01ERBS00038-10
198,LTE01ERBS00038-11
199,LTE01ERBS00038-12
200,LTE01ERBS00039-1
201,LTE01ERBS00039-2
202,LTE01ERBS00039-3
203,LTE01ERBS00040-1
204,LTE01ERBS00041-1
205,LTE01ERBS00041-2
206,LTE01ERBS00041-3
207,LTE01ERBS00042-1
208,LTE01ERBS00042-2
209,LTE01ERBS00042-3
210,LTE01ERBS00042-4
211,LTE01ERBS00042-5
212,LTE01ERBS00042-6
213,LTE01ERBS00043-1
214,LTE01ERBS00043-2
215,LTE01ERBS00043-3
216,LTE01ERBS00044-1
217,LTE01ERBS00044-2
218,LTE01ERBS00044-3
219,LTE01ERBS00045-1
220,LTE01ERBS00045-2
221,LTE01ERBS00045-3
222,LTE01ERBS00045-4
223,LTE01ERBS00045-5
224,LTE01ERBS00045-6
225,LTE01ERBS00046-1
226,LTE01ERBS00046-2
227,LTE01ERBS00046-3
228,LTE01ERBS00046-4
229,LTE01ERBS00046-5
230,LTE01ERBS00046-6
231,LTE01ERBS00046-7
232,LTE01ERBS00046-8
233,LTE01ERBS00046-9
234,LTE01ERBS00046-10
235,LTE01ERBS00046-11
236,LTE01ERBS00046-12
237,LTE01ERBS00047-1
238,LTE01ERBS00047-2
239,LTE01ERBS00047-3
240,LTE01ERBS00048-1
241,LTE01ERBS00048-2
242,LTE01ERBS00048-3
243,LTE01ERBS00049-1
244,LTE01ERBS00049-2
245,LTE01ERBS00049-3
246,LTE01ERBS00049-4
247,LTE01ERBS00049-5
248,LTE01ERBS00049-6
249,LTE01ERBS00050-1
250,LTE01ERBS00050-2
251,LTE01ERBS00050-3
252,LTE01ERBS00051-1
253,LTE01ERBS00051-2
254,LTE01ERBS00051-3
255,LTE01ERBS00052-1
256,LTE01ERBS00052-2
257,LTE01ERBS00052-3
258,LTE01ERBS00052-4
259,LTE01ERBS00052-5
260,LTE01ERBS00052-6
261,LTE01ERBS00053-1
262,LTE01ERBS00053-2
263,LTE01ERBS00053-3
264,LTE01ERBS00053-4
265,LTE01ERBS00053-5
266,LTE01ERBS00053-6
267,LTE01ERBS00053-7
268,LTE01ERBS00053-8
269,LTE01ERBS00053-9
270,LTE01ERBS00053-10
271,LTE01ERBS00053-11
272,LTE01ERBS00053-12
273,LTE01ERBS00054-1
274,LTE01ERBS00054-2
275,LTE01ERBS00054-3
276,LTE01ERBS00055-1
277,LTE01ERBS00055-2
278,LTE01ERBS00055-3
279,LTE01ERBS00056-1
280,LTE01ERBS00056-2
281,LTE01ERBS00056-3
282,LTE01ERBS00056-4
283,LTE01ERBS00056-5
284,LTE01ERBS00056-6
285,LTE01ERBS00057-1
286,LTE01ERBS00057-2
287,LTE01ERBS00057-3
288,LTE01ERBS00058-1
289,LTE01ERBS00058-2
290,LTE01ERBS00058-3
291,LTE01ERBS00059-1
292,LTE01ERBS00059-2
293,LTE01ERBS00059-3
294,LTE01ERBS00059-4
295,LTE01ERBS00059-5
296,LTE01ERBS00059-6
297,LTE01ERBS00060-1
298,LTE01ERBS00060-2
299,LTE01ERBS00060-3
300,LTE01ERBS00060-4
301,LTE01ERBS00060-5
302,LTE01ERBS00060-6
303,LTE01ERBS00060-7
304,LTE01ERBS00060-8
305,LTE01ERBS00060-9
306,LTE01ERBS00060-10
307,LTE01ERBS00060-11
308,LTE01ERBS00060-12
309,LTE01ERBS00061-1
310,LTE01ERBS00061-2
311,LTE01ERBS00061-3
312,LTE01ERBS00062-1
313,LTE01ERBS00062-2
314,LTE01ERBS00062-3
315,LTE01ERBS00063-1
316,LTE01ERBS00063-2
317,LTE01ERBS00063-3
318,LTE01ERBS00063-4
319,LTE01ERBS00063-5
320,LTE01ERBS00063-6
321,LTE01ERBS00064-1
322,LTE01ERBS00064-2
323,LTE01ERBS00064-3
324,LTE01ERBS00065-1
325,LTE01ERBS00065-2
326,LTE01ERBS00065-3
327,LTE01ERBS00066-1
328,LTE01ERBS00066-2
329,LTE01ERBS00066-3
330,LTE01ERBS00066-4
331,LTE01ERBS00066-5
332,LTE01ERBS00066-6
333,LTE01ERBS00067-1
334,LTE01ERBS00067-2
335,LTE01ERBS00067-3
336,LTE01ERBS00067-4
337,LTE01ERBS00067-5
338,LTE01ERBS00067-6
339,LTE01ERBS00067-7
340,LTE01ERBS00067-8
341,LTE01ERBS00067-9
342,LTE01ERBS00067-10
343,LTE01ERBS00067-11
344,LTE01ERBS00067-12
345,LTE01ERBS00068-1
346,LTE01ERBS00068-2
347,LTE01ERBS00068-3
348,LTE01ERBS00069-1
349,LTE01ERBS00069-2
350,LTE01ERBS00069-3
351,LTE01ERBS00070-1
352,LTE01ERBS00070-2
353,LTE01ERBS00070-3
354,LTE01ERBS00070-4
355,LTE01ERBS00070-5
356,LTE01ERBS00070-6
357,LTE01ERBS00071-1
358,LTE01ERBS00071-2
359,LTE01ERBS00071-3
360,LTE01ERBS00072-1
361,LTE01ERBS00072-2
362,LTE01ERBS00072-3
363,LTE01ERBS00073-1
364,LTE01ERBS00073-2
365,LTE01ERBS00073-3
366,LTE01ERBS00073-4
367,LTE01ERBS00073-5
368,LTE01ERBS00073-6
369,LTE01ERBS00074-1
370,LTE01ERBS00074-2
371,LTE01ERBS00074-3
372,LTE01ERBS00074-4
373,LTE01ERBS00074-5
374,LTE01ERBS00074-6
375,LTE01ERBS00075-1
376,LTE01ERBS00075-2
377,LTE01ERBS00075-3
378,LTE01ERBS00075-4
379,LTE01ERBS00075-5
380,LTE01ERBS00075-6
381,LTE01ERBS00075-7
382,LTE01ERBS00075-8
383,LTE01ERBS00075-9
384,LTE01ERBS00075-10
385,LTE01ERBS00075-11
386,LTE01ERBS00075-12
387,LTE01ERBS00076-1
388,LTE01ERBS00076-2
389,LTE01ERBS00076-3
390,LTE01ERBS00077-1
391,LTE01ERBS00078-1
392,LTE01ERBS00078-2
393,LTE01ERBS00078-3
394,LTE01ERBS00079-1
395,LTE01ERBS00079-2
396,LTE01ERBS00079-3
397,LTE01ERBS00079-4
398,LTE01ERBS00079-5
399,LTE01ERBS00079-6
400,LTE01ERBS00080-1
401,LTE01ERBS00080-2
402,LTE01ERBS00080-3
403,LTE01ERBS00081-1
404,LTE01ERBS00081-2
405,LTE01ERBS00081-3
406,LTE01ERBS00082-1
407,LTE01ERBS00082-2
408,LTE01ERBS00082-3
409,LTE01ERBS00082-4
410,LTE01ERBS00082-5
411,LTE01ERBS00082-6
412,LTE01ERBS00083-1
413,LTE01ERBS00083-2
414,LTE01ERBS00083-3
415,LTE01ERBS00083-4
416,LTE01ERBS00083-5
417,LTE01ERBS00083-6
418,LTE01ERBS00083-7
419,LTE01ERBS00083-8
420,LTE01ERBS00083-9
421,LTE01ERBS00083-10
422,LTE01ERBS00083-11
423,LTE01ERBS00083-12
424,LTE01ERBS00084-1
425,LTE01ERBS00084-2
426,LTE01ERBS00084-3
427,LTE01ERBS00085-1
428,LTE01ERBS00085-2
429,LTE01ERBS00085-3
430,LTE01ERBS00086-1
431,LTE01ERBS00086-2
432,LTE01ERBS00086-3
433,LTE01ERBS00086-4
434,LTE01ERBS00086-5
435,LTE01ERBS00086-6
436,LTE01ERBS00087-1
437,LTE01ERBS00087-2
438,LTE01ERBS00087-3
439,LTE01ERBS00088-1
440,LTE01ERBS00088-2
441,LTE01ERBS00088-3
442,LTE01ERBS00089-1
443,LTE01ERBS00089-2
444,LTE01ERBS00089-3
445,LTE01ERBS00089-4
446,LTE01ERBS00089-5
447,LTE01ERBS00089-6
448,LTE01ERBS00090-1
449,LTE01ERBS00090-2
450,LTE01ERBS00090-3
451,LTE01ERBS00090-4
452,LTE01ERBS00090-5
453,LTE01ERBS00090-6
454,LTE01ERBS00090-7
455,LTE01ERBS00090-8
456,LTE01ERBS00090-9
457,LTE01ERBS00090-10
458,LTE01ERBS00090-11
459,LTE01ERBS00090-12
460,LTE01ERBS00091-1
461,LTE01ERBS00091-2
462,LTE01ERBS00091-3
463,LTE01ERBS00092-1
464,LTE01ERBS00092-2
465,LTE01ERBS00092-3
466,LTE01ERBS00093-1
467,LTE01ERBS00093-2
468,LTE01ERBS00093-3
469,LTE01ERBS00093-4
470,LTE01ERBS00093-5
471,LTE01ERBS00093-6
472,LTE01ERBS00094-1
473,LTE01ERBS00094-2
474,LTE01ERBS00094-3
475,LTE01ERBS00095-1
476,LTE01ERBS00095-2
477,LTE01ERBS00095-3
478,LTE01ERBS00096-1
479,LTE01ERBS00096-2
480,LTE01ERBS00096-3
481,LTE01ERBS00096-4
482,LTE01ERBS00096-5
483,LTE01ERBS00096-6
484,LTE01ERBS00097-1
485,LTE01ERBS00097-2
486,LTE01ERBS00097-3
487,LTE01ERBS00097-4
488,LTE01ERBS00097-5
489,LTE01ERBS00097-6
490,LTE01ERBS00097-7
491,LTE01ERBS00097-8
492,LTE01ERBS00097-9
493,LTE01ERBS00097-10
494,LTE01ERBS00097-11
495,LTE01ERBS00097-12
496,LTE01ERBS00098-1
497,LTE01ERBS00098-2
498,LTE01ERBS00098-3
499,LTE01ERBS00099-1
500,LTE01ERBS00099-2
501,LTE01ERBS00099-3
502,LTE01ERBS00100-1
503,LTE01ERBS00100-2
504,LTE01ERBS00100-3
505,LTE01ERBS00100-4
506,LTE01ERBS00100-5
507,LTE01ERBS00100-6
508,LTE01ERBS00101-1
509,LTE01ERBS00101-2
510,LTE01ERBS00101-3
511,LTE01ERBS00102-1
512,LTE01ERBS00102-2
513,LTE01ERBS00102-3
514,LTE01ERBS00103-1
515,LTE01ERBS00103-2
516,LTE01ERBS00103-3
517,LTE01ERBS00103-4
518,LTE01ERBS00103-5
519,LTE01ERBS00103-6
520,LTE01ERBS00104-1
521,LTE01ERBS00104-2
522,LTE01ERBS00104-3
523,LTE01ERBS00104-4
524,LTE01ERBS00104-5
525,LTE01ERBS00104-6
526,LTE01ERBS00104-7
527,LTE01ERBS00104-8
528,LTE01ERBS00104-9
529,LTE01ERBS00104-10
530,LTE01ERBS00104-11
531,LTE01ERBS00104-12
532,LTE01ERBS00105-1
533,LTE01ERBS00105-2
534,LTE01ERBS00105-3
535,LTE01ERBS00106-1
536,LTE01ERBS00106-2
537,LTE01ERBS00106-3
538,LTE01ERBS00107-1
539,LTE01ERBS00107-2
540,LTE01ERBS00107-3
541,LTE01ERBS00107-4
542,LTE01ERBS00107-5
543,LTE01ERBS00107-6
544,LTE01ERBS00108-1
545,LTE01ERBS00108-2
546,LTE01ERBS00108-3
547,LTE01ERBS00109-1
548,LTE01ERBS00109-2
549,LTE01ERBS00109-3
550,LTE01ERBS00110-1
551,LTE01ERBS00110-2
552,LTE01ERBS00110-3
553,LTE01ERBS00110-4
554,LTE01ERBS00110-5
555,LTE01ERBS00110-6
556,LTE01ERBS00111-1
557,LTE01ERBS00111-2
558,LTE01ERBS00111-3
559,LTE01ERBS00111-4
560,LTE01ERBS00111-5
561,LTE01ERBS00111-6
562,LTE01ERBS00112-1
563,LTE01ERBS00112-2
564,LTE01ERBS00112-3
565,LTE01ERBS00112-4
566,LTE01ERBS00112-5
567,LTE01ERBS00112-6
568,LTE01ERBS00112-7
569,LTE01ERBS00112-8
570,LTE01ERBS00112-9
571,LTE01ERBS00112-10
572,LTE01ERBS00112-11
573,LTE01ERBS00112-12
574,LTE01ERBS00113-1
575,LTE01ERBS00113-2
576,LTE01ERBS00113-3
577,LTE01ERBS00114-1
578,LTE01ERBS00115-1
579,LTE01ERBS00115-2
580,LTE01ERBS00115-3
581,LTE01ERBS00116-1
582,LTE01ERBS00116-2
583,LTE01ERBS00116-3
584,LTE01ERBS00116-4
585,LTE01ERBS00116-5
586,LTE01ERBS00116-6
587,LTE01ERBS00117-1
588,LTE01ERBS00117-2
589,LTE01ERBS00117-3
590,LTE01ERBS00118-1
591,LTE01ERBS00118-2
592,LTE01ERBS00118-3
593,LTE01ERBS00119-1
594,LTE01ERBS00119-2
595,LTE01ERBS00119-3
596,LTE01ERBS00119-4
597,LTE01ERBS00119-5
598,LTE01ERBS00119-6
599,LTE01ERBS00120-1
600,LTE01ERBS00120-2
601,LTE01ERBS00120-3
602,LTE01ERBS00120-4
603,LTE01ERBS00120-5
604,LTE01ERBS00120-6
605,LTE01ERBS00120-7
606,LTE01ERBS00120-8
607,LTE01ERBS00120-9
608,LTE01ERBS00120-10
609,LTE01ERBS00120-11
610,LTE01ERBS00120-12
611,LTE01ERBS00121-1
612,LTE01ERBS00121-2
613,LTE01ERBS00121-3
614,LTE01ERBS00122-1
615,LTE01ERBS00122-2
616,LTE01ERBS00122-3
617,LTE01ERBS00123-1
618,LTE01ERBS00123-2
619,LTE01ERBS00123-3
620,LTE01ERBS00123-4
621,LTE01ERBS00123-5
622,LTE01ERBS00123-6
623,LTE01ERBS00124-1
624,LTE01ERBS00124-2
625,LTE01ERBS00124-3
626,LTE01ERBS00125-1
627,LTE01ERBS00125-2
628,LTE01ERBS00125-3
629,LTE01ERBS00126-1
630,LTE01ERBS00126-2
631,LTE01ERBS00126-3
632,LTE01ERBS00126-4
633,LTE01ERBS00126-5
634,LTE01ERBS00126-6
635,LTE01ERBS00127-1
636,LTE01ERBS00127-2
637,LTE01ERBS00127-3
638,LTE01ERBS00127-4
639,LTE01ERBS00127-5
640,LTE01ERBS00127-6
641,LTE01ERBS00127-7
642,LTE01ERBS00127-8
643,LTE01ERBS00127-9
644,LTE01ERBS00127-10
645,LTE01ERBS00127-11
646,LTE01ERBS00127-12
647,LTE01ERBS00128-1
648,LTE01ERBS00128-2
649,LTE01ERBS00128-3
650,LTE01ERBS00129-1
651,LTE01ERBS00129-2
652,LTE01ERBS00129-3
653,LTE01ERBS00130-1
654,LTE01ERBS00130-2
655,LTE01ERBS00130-3
656,LTE01ERBS00130-4
657,LTE01ERBS00130-5
658,LTE01ERBS00130-6
659,LTE01ERBS00131-1
660,LTE01ERBS00131-2
661,LTE01ERBS00131-3
662,LTE01ERBS00132-1
663,LTE01ERBS00132-2
664,LTE01ERBS00132-3
665,LTE01ERBS00133-1
666,LTE01ERBS00133-2
667,LTE01ERBS00133-3
668,LTE01ERBS00133-4
669,LTE01ERBS00133-5
670,LTE01ERBS00133-6
671,LTE01ERBS00134-1
672,LTE01ERBS00134-2
673,LTE01ERBS00134-3
674,LTE01ERBS00134-4
675,LTE01ERBS00134-5
676,LTE01ERBS00134-6
677,LTE01ERBS00134-7
678,LTE01ERBS00134-8
679,LTE01ERBS00134-9
680,LTE01ERBS00134-10
681,LTE01ERBS00134-11
682,LTE01ERBS00134-12
683,LTE01ERBS00135-1
684,LTE01ERBS00135-2
685,LTE01ERBS00135-3
686,LTE01ERBS00136-1
687,LTE01ERBS00136-2
688,LTE01ERBS00136-3
689,LTE01ERBS00137-1
690,LTE01ERBS00137-2
691,LTE01ERBS00137-3
692,LTE01ERBS00137-4
693,LTE01ERBS00137-5
694,LTE01ERBS00137-6
695,LTE01ERBS00138-1
696,LTE01ERBS00138-2
697,LTE01ERBS00138-3
698,LTE01ERBS00139-1
699,LTE01ERBS00139-2
700,LTE01ERBS00139-3
701,LTE01ERBS00140-1
702,LTE01ERBS00140-2
703,LTE01ERBS00140-3
704,LTE01ERBS00140-4
705,LTE01ERBS00140-5
706,LTE01ERBS00140-6
707,LTE01ERBS00141-1
708,LTE01ERBS00141-2
709,LTE01ERBS00141-3
710,LTE01ERBS00141-4
711,LTE01ERBS00141-5
712,LTE01ERBS00141-6
713,LTE01ERBS00141-7
714,LTE01ERBS00141-8
715,LTE01ERBS00141-9
716,LTE01ERBS00141-10
717,LTE01ERBS00141-11
718,LTE01ERBS00141-12
719,LTE01ERBS00142-1
720,LTE01ERBS00142-2
721,LTE01ERBS00142-3
722,LTE01ERBS00143-1
723,LTE01ERBS00143-2
724,LTE01ERBS00143-3
725,LTE01ERBS00144-1
726,LTE01ERBS00144-2
727,LTE01ERBS00144-3
728,LTE01ERBS00144-4
729,LTE01ERBS00144-5
730,LTE01ERBS00144-6
731,LTE01ERBS00145-1
732,LTE01ERBS00145-2
733,LTE01ERBS00145-3
734,LTE01ERBS00146-1
735,LTE01ERBS00146-2
736,LTE01ERBS00146-3
737,LTE01ERBS00147-1
738,LTE01ERBS00147-2
739,LTE01ERBS00147-3
740,LTE01ERBS00147-4
741,LTE01ERBS00147-5
742,LTE01ERBS00147-6
743,LTE01ERBS00148-1
744,LTE01ERBS00148-2
745,LTE01ERBS00148-3
746,LTE01ERBS00148-4
747,LTE01ERBS00148-5
748,LTE01ERBS00148-6
749,LTE01ERBS00149-1
750,LTE01ERBS00149-2
751,LTE01ERBS00149-3
752,LTE01ERBS00149-4
753,LTE01ERBS00149-5
754,LTE01ERBS00149-6
755,LTE01ERBS00149-7
756,LTE01ERBS00149-8
757,LTE01ERBS00149-9
758,LTE01ERBS00149-10
759,LTE01ERBS00149-11
760,LTE01ERBS00149-12
761,LTE01ERBS00150-1
762,LTE01ERBS00150-2
763,LTE01ERBS00150-3
764,LTE01ERBS00151-1
765,LTE01ERBS00152-1
766,LTE01ERBS00152-2
767,LTE01ERBS00152-3
768,LTE01ERBS00153-1
769,LTE01ERBS00153-2
770,LTE01ERBS00153-3
771,LTE01ERBS00153-4
772,LTE01ERBS00153-5
773,LTE01ERBS00153-6
774,LTE01ERBS00154-1
775,LTE01ERBS00154-2
776,LTE01ERBS00154-3
777,LTE01ERBS00155-1
778,LTE01ERBS00155-2
779,LTE01ERBS00155-3
780,LTE01ERBS00156-1
781,LTE01ERBS00156-2
782,LTE01ERBS00156-3
783,LTE01ERBS00156-4
784,LTE01ERBS00156-5
785,LTE01ERBS00156-6
786,LTE01ERBS00157-1
787,LTE01ERBS00157-2
788,LTE01ERBS00157-3
789,LTE01ERBS00157-4
790,LTE01ERBS00157-5
791,LTE01ERBS00157-6
792,LTE01ERBS00157-7
793,LTE01ERBS00157-8
794,LTE01ERBS00157-9
795,LTE01ERBS00157-10
796,LTE01ERBS00157-11
797,LTE01ERBS00157-12
798,LTE01ERBS00158-1
799,LTE01ERBS00158-2
800,LTE01ERBS00158-3
801,LTE01ERBS00159-1
802,LTE01ERBS00159-2
803,LTE01ERBS00159-3
804,LTE01ERBS00160-1
805,LTE01ERBS00160-2
806,LTE01ERBS00160-3
807,LTE01ERBS00160-4
808,LTE01ERBS00160-5
809,LTE01ERBS00160-6